"vnz","total_st","mol_sp","percent"
"Закарпатський угорський інститут імені Ференца Ракоці ІІ",188,51,27.1
"Київський кооперативний інститут бізнесу і права",209,183,87.6
"Класичний приватний університет",452,380,84.1
"Харківський економіко-правовий університет" у формі товариства з обмеженою відповідальністю",75,67,89.3
"Азовський морський інститут Національного університету «Одеська морська академія»",115,0,0
"Академія Державної пенітенціарної служби",185,20,10.8
"Академія праці, соціальних відносин і туризму",183,47,25.7
"Барська філія Глухівського національного педагогічного університету імені Олександра Довженка",30,30,100
"Бердянський державний педагогічний університет",1022,390,38.2
"Білоцерківська філія Вищого навчального закладу ""Одеська державна академія технічного регулювання та якості""",30,30,100
"Білоцерківський інститут економіки та управління вищого навчального закладу «Відкритий міжнародний університет розвитку людини «Україна»",46,32,69.6
"Білоцерківський інститут неперервної професійної освіти",13,13,100
"Білоцерківський коледж фінансів, обліку та аудиту Національної академії статистики, обліку та аудиту",32,32,100
"Білоцерківський національний аграрний університет",1141,624,54.7
"Бурштинський енергетичний коледж Івано-Франківського національного технічного університету нафти і газу",91,90,98.9
"Вищий державний навчальний заклад України ""Буковинський державний медичний університет""",40,36,90
"Вищий навчальний заклад ""Відкритий міжнародний університет розвитку людини ""Україна""",399,250,62.7
"Вищий навчальний заклад ""Київська Академія перукарського мистецтва""",45,4,8.9
"Вищий навчальний заклад ""Київський університет ринкових відносин"" у формі товариства з обмеженою відповідальністю",116,103,88.8
"Вищий навчальний заклад ""Міжнародний технологічний університет ""Миколаївська політехніка""",74,63,85.1
"Вищий навчальний заклад ""Одеська державна академія технічного регулювання та якості""",125,120,96
"Вищий навчальний заклад ""Приватне акціонерне товариство ""Волинський інститут економіки та менеджменту""",2,2,100
"Вищий навчальний заклад ""Приватне акціонерне товариство ""Львівський інститут менеджменту""",28,2,7.1
"Вищий навчальний заклад ""Український католицький університет""",321,0,0
"Вищий навчальний заклад ""Університет економіки та права ""КРОК""",414,110,26.6
"Вищий навчальний заклад ""Університет імені Альфреда Нобеля""",788,109,13.8
"Вищий навчальний заклад Інститут реклами (у формі товариства з обмеженою відповідальністю)",23,12,52.2
"Вищий навчальний заклад Укоопспілки ""Полтавський університет економіки і торгівлі""",1262,868,68.8
"Вищий навчальний комунальний заклад Львівської обласної ради ""Львівський інститут медсестринства та лабораторної медицини  ім. Андрея Крупинського""",50,30,60
"Вищий навчальний приватний заклад ""Дніпропетровський гуманітарний університет""",150,0,0
"Відокремлений підрозділ ""Дніпровський факультет Київського національного університету культури і мистецтв""",20,20,100
"Відокремлений підрозділ ""Дніпровський факультет менеджменту і бізнесу Київського університету культури""",230,128,55.7
"Відокремлений підрозділ ""Львівська філія Київського національного університету культури і мистецтв""",100,8,8
"Відокремлений підрозділ ""Львівський факультет менеджменту і бізнесу Київського університету культури""",151,116,76.8
"Відокремлений підрозділ ""Миколаївська філія Київського національного університету культури і мистецтв""",243,101,41.6
"Відокремлений підрозділ ""Миколаївський факультет менеджменту і бізнесу Київського університету культури""",253,144,56.9
"Відокремлений підрозділ «Кадіївський педагогічний коледж Луганського національного університету імені Тараса Шевченка»",8,8,100
"Відокремлений підрозділ Національного університету біоресурсів і природокористування України ""Бережанський агротехнічний інститут""",304,219,72
"Відокремлений підрозділ Національного університету біоресурсів і природокористування України ""Немішаївський агротехнічний коледж""",87,87,100
"Відокремлений підрозділ Національного університету біоресурсів і природокористування України ""Ніжинський агротехнічний інститут""",151,99,65.6
"Відокремлений структурний підрозділ ""Інститут інноваційної освіти Київського національного університету будівництва і архітектури""",9,8,88.9
"Відокремлений структурний підрозділ Навчально-науковий інститут підприємництва та перспективних технологій Національного університету ""Львівська політехніка""",137,121,88.3
"Відокремлений структурний підрозділ Національного авіаційного університету ""Кіровоградська льотна академія Національного авіаційного університету""",135,5,3.7
"Вінницька філія Приватного вищого навчального закладу «Київський інститут бізнесу та технологій» товариство з обмеженою відповідальністю",13,13,100
"Вінницька філія Приватного вищого навчального закладу «Університет сучасних знань»",34,28,82.4
"Вінницький державний педагогічний університет імені Михайла Коцюбинського",1092,225,20.6
"Вінницький кооперативний інститут",79,73,92.4
"Вінницький навчально-науковий інститут економіки Тернопільського національного економічного університету",178,123,69.1
"Вінницький національний аграрний університет",1544,755,48.9
"Вінницький національний технічний університет",953,326,34.2
"Вінницький соціально-економічний інститут Вищого навчального закладу ""Відкритий міжнародний університет розвитку людини ""Україна""",56,37,66.1
"Вінницький торговельно - економічний інститут Київського національного торговельно - економічного університету",1066,542,50.8
"Волинська православна богословська академія Української православної церкви Київського патріархату",1,1,100
"Волинський інститут імені В'ячеслава Липинського Приватного акціонерного товариства ""Вищий навчальний заклад ""Міжрегіональна Академія управління персоналом""",4,1,25
"Вугледарський коледж Донецького державного університету управління",10,10,100
"Глухівський агротехнічний інститут імені С.А. Ковпака Сумського національного аграрного університету",124,124,100
"Глухівський національний педагогічний університет імені Олександра Довженка",438,309,70.5
"Горлівський інститут іноземних мов Державного вищого навчального закладу ""Донбаський державний педагогічний університет""",223,40,17.9
"Горлівський регіональний інститут вищого навчального закладу ""Відкритий міжнародний університет розвитку людини ""Україна""",13,13,100
"Державний вищий навчальний заклад ""Донбаський державний педагогічний університет""",668,301,45.1
"Державний вищий навчальний заклад ""Донецький національний технічний університет""",510,181,35.5
"Державний вищий навчальний заклад ""Івано-Франківський національний медичний університет""",31,0,0
"Державний вищий навчальний заклад ""Київський національний економічний університет імені Вадима Гетьмана""",2540,511,20.1
"Державний вищий навчальний заклад ""Криворізький державний педагогічний університет""",862,122,14.2
"Державний вищий навчальний заклад ""Криворізький національний університет""",958,491,51.3
"Державний вищий навчальний заклад ""Національний гірничий університет""",1713,734,42.8
"Державний вищий навчальний заклад ""Національний лісотехнічний університет України""",639,430,67.3
"Державний вищий навчальний заклад ""Переяслав-Хмельницький державний педагогічний університет імені Григорія Сковороди""",1079,600,55.6
"Державний вищий навчальний заклад ""Приазовський державний технічний університет""",975,521,53.4
"Державний вищий навчальний заклад ""Придніпровська державна академія будівництва та архітектури""",678,272,40.1
"Державний вищий навчальний заклад ""Прикарпатський національний університет імені Василя Стефаника""",3007,982,32.7
"Державний вищий навчальний заклад ""Тернопiльський державний медичний університет iменi I.Я. Горбачевського Міністерства охорони здоров`я України""",215,180,83.7
"Державний вищий навчальний заклад ""Ужгородський національний університет""",1981,297,15
"Державний вищий навчальний заклад ""Український державний хіміко-технологічний університет""",722,323,44.7
"Державний вищий навчальний заклад ""Університет банківської справи""",62,15,24.2
"Державний вищий навчальний заклад ""Університет менеджменту освіти""",87,0,0
"Державний вищий навчальний заклад ""Херсонський державний аграрний університет""",453,190,41.9
"Державний заклад ""Дніпропетровська медична академія Міністерства охорони здоров'я України""",23,0,0
"Державний заклад ""Луганський національний університет імені Тараса Шевченка""",1356,550,40.6
"Державний заклад «Південноукраїнський національний педагогічний університет імені К.Д. Ушинського»",1062,252,23.7
"Державний університет інфраструктури та технологій",696,525,75.4
"Державний університет телекомунікацій",1208,486,40.2
"Дніпровська філія вищого навчального закладу «Відкритий міжнародний університет розвитку людини «Україна»",9,9,100
"Дніпровський державний технічний університет",392,257,65.6
"Дніпропетровський державний аграрно-економічний університет",839,308,36.7
"Дніпропетровський державний інститут фізичної культури і спорту",171,15,8.8
"Дніпропетровський державний університет внутрішніх справ",764,172,22.5
"Дніпропетровський інститут Приватного акціонерного товариства ""Вищий навчальний заклад ""Міжрегіональна Академія управління персоналом""",8,4,50
"Дніпропетровський національний університет залізничного транспорту імені академіка В. Лазаряна",785,379,48.3
"Дніпропетровський національний університет імені Олеся Гончара",1730,272,15.7
"Дніпропетровський регіональний інститут державного управління Національної академії державного управління при Президентові України",32,16,50
"Донбаська державна машинобудівна академія",518,334,64.5
"Донбаська національна академія будівництва і архітектури",140,80,57.1
"Донбаський державний технічний університет",303,225,74.3
"Донецька філія Приватного вищого навчального закладу «Університет сучасних знань»",17,10,58.8
"Донецький державний університет управління",185,66,35.7
"Донецький національний університет економіки і торгівлі імені Михайла Туган-Барановського",428,289,67.5
"Донецький національний університет імені Василя Стуса",1222,241,19.7
"Донецький юридичний інститут МВС України",41,0,0
"Дрогобицький державний педагогічний університет імені Івана Франка",894,367,41.1
"Дубенська філія вищого навчального закладу ""Відкритий міжнародний університет розвитку людини ""Україна""",6,5,83.3
"Дунайський інститут Національного університету «Одеська морська академія»",99,0,0
"Економіко-гуманітарний факультет Запорізького національного університету у м.Мелітополі Запорізької області",66,36,54.5
"Енергодарський інститут державного та муніципального управління імені  Р.Г.  Хеноха  ""Класичного приватного університету""",6,6,100
"Житомирська філія Приватного вищого навчального закладу «Київський інститут бізнесу та технологій» товариство з обмеженою відповідальністю",72,63,87.5
"Житомирська філія Приватного вищого навчального закладу «Університет сучасних знань»",20,17,85
"Житомирська філія університету Державної фіскальної служби України",29,29,100
"Житомирський державний технологічний університет",779,239,30.7
"Житомирський державний університет імені Івана Франка",959,133,13.9
"Житомирський економіко-гуманітарний інститут Вищого навчального закладу ""Відкритий міжнародний університет розвитку людини ""Україна""",14,7,50
"Житомирський інститут Приватного акціонерного товариства ""Вищий навчальний заклад ""Міжрегіональна Академія управління персоналом""",26,24,92.3
"Житомирський національний агроекологічний університет",1399,682,48.7
"Жмеринська філія Приватного вищого навчального закладу «Університет сучасних знань»",29,26,89.7
"Закарпатська академія мистецтв",75,36,48
"Запорізька державна інженерна академія",321,176,54.8
"Запорізький державний медичний університет",96,3,3.1
"Запорізький національний технічний університет",2192,982,44.8
"Запорізький національний університет",2000,507,25.4
"Західнодонбаський інститут Приватного акціонерного товариства ""Вищий навчальний заклад ""Міжрегіональна академія управління персоналом""",4,3,75
"Івано-Франківська філія Вищого навчального закладу ""Відкритий міжнародний університет розвитку людини ""Україна""",32,27,84.4
"Івано-Франківський коледж фізичного виховання Національного університету фізичного виховання і спорту України",117,117,100
"Івано-Франківський навчально-науковий інститут менеджменту Тернопільського національного економічного університету",126,67,53.2
"Івано-Франківський національний технічний університет нафти і газу",1455,701,48.2
"Ізмаїльський державний гуманітарний університет",371,138,37.2
"Індустріальний інститут Державного вищого навчального закладу ""Донецький національний технічний університет""",85,34,40
"Інститут підготовки кадрів державної служби зайнятості України",21,11,52.4
"Інститут управління і права Національного юридичного університету імені Ярослава Мудрого",14,7,50
"Інститут хімічних технологій Східноукраїнського національного університету імені Володимира Даля (м. Рубіжне)",172,122,70.9
"Кам'янець-Подільська філія Національного університету харчових технологій",50,50,100
"Кам'янець-Подільський національний університет імені Івана Огієнка",1032,269,26.1
"Карпатський інститут підприємництва Вищого навчального закладу ""Відкритий міжнародний університет розвитку людини ""Україна""",6,1,16.7
"Київська дитяча Академія мистецтв",11,0,0
"Київська муніципальна академія естрадного та циркового мистецтв",144,79,54.9
"Київська православна богословська академія",5,3,60
"Київський державний інститут декоративно-прикладного мистецтва і дизайну імені Михайла Бойчука",150,43,28.7
"Київський інститут музики ім. Р.М. Глієра",75,58,77.3
"Київський національний лінгвістичний університет",1216,0,0
"Київський національний торговельно-економічний університет",3871,1148,29.7
"Київський національний університет будівництва і архітектури",1315,414,31.5
"Київський національний університет імені Тараса Шевченка",4332,165,3.8
"Київський національний університет культури і мистецтв",1045,12,1.1
"Київський національний університет театру, кіно і телебачення імені І.К. Карпенка-Карого",288,39,13.5
"Київський національний університет технологій та дизайну",1346,693,51.5
"Київський університет імені Бориса Грінченка",1634,419,25.6
"Київський університет права Національної академії наук України",187,152,81.3
"Київський університет туризму, економіки і права",269,169,62.8
"Кіровоградський інститут комерції",2,0,0
"Кіровоградський інститут Приватного акціонерного товариства ""Вищий навчальний заклад ""Міжрегіональна Академія управління персоналом""",10,0,0
"Кіровоградський інститут розвитку людини вищого навчального закладу Відкритий міжнародний університет розвитку людини ""Україна""",58,32,55.2
"Коледж економіки і технологій Чернігівського національного технологічного університету",12,12,100
"Коледж Кременчуцького національного університету імені Михайла Остроградського",30,30,100
"Коледж Національного фармацевтичного університету",41,8,19.5
"Коломийський навчально-науковий інститут Прикарпатського національного університету імені Василя Стефаника",126,81,64.3
"Комунальний вищий навчальний заклад ""Вінницька академія неперервної освіти""",14,14,100
"Комунальний вищий навчальний заклад ""Житомирський інститут медсестринства"" Житомирської обласної ради",122,75,61.5
"Комунальний вищий навчальний заклад «Хортицька національна навчально-реабілітаційна академія» Запорізької обласної ради",175,57,32.6
"Комунальний заклад ""Харківська гуманітарно-педагогічна академія"" Харківської обласної ради",471,202,42.9
"Конотопський інститут Сумського державного університету",76,63,82.9
"Косівський інститут прикладного та декоративного мистецтва Львівської національної академії мистецтв",67,42,62.7
"Кременецька обласна гуманітарно-педагогічна академія ім. Тараса Шевченка",410,186,45.4
"Кременчуцька філія Глухівського національного педагогічного університету імені Олександра Довженка",48,48,100
"Кременчуцький льотний коледж Національного авіаційного університету",37,37,100
"Кременчуцький національний університет імені Михайла Остроградського",894,429,48
"Криворізька філія Приватного вищого навчального закладу ""Європейський університет""",15,13,86.7
"Криворізький економічний інститут Державного вищого навчального закладу ""Київський національний економічний університет імені Вадима Гетьмана""",224,54,24.1
"Криворізький коледж Національного авіаційного університету",87,87,100
"Криворізький металургійний інститут Національної металургійної академії України",165,142,86.1
"Криворізький факультет Запорізького національного університету",36,22,61.1
"Кропивницький інститут приватного вищого навчального закладу ""Університет сучасних знань""",85,63,74.1
"Луганська державна академія культури і мистецтв",43,19,44.2
"Луганський державний університет внутрішніх справ імені Е.О. Дідоренка",58,0,0
"Луганський національний аграрний університет",591,402,68
"Луцька філія Тернопільського національного економічного університету",46,45,97.8
"Луцький біотехнічний інститут Приватного вищого навчального закладу «Міжнародний науково-технічний університет імені академіка Юрія Бугая»",3,0,0
"Луцький інститут розвитку людини Вищого навчального закладу ""Відкритий міжнародний університет розвитку людини ""Україна""",31,19,61.3
"Луцький національний технічний університет",1339,567,42.3
"Львівська національна академія мистецтв",217,36,16.6
"Львівська національна музична академія імені М.В.Лисенка",141,5,3.5
"Львівська філія Дніпропетровського національного університету залізничного транспорту імені академіка В. Лазаряна",159,110,69.2
"Львівська філія Національного університету харчових технологій",65,65,100
"Львівська філія Приватного вищого навчального закладу ""Європейський університет""",49,42,85.7
"Львівський державний університет безпеки життєдіяльності",398,8,2
"Львівський державний університет внутрішніх справ",509,171,33.6
"Львівський державний університет фізичної культури",609,139,22.8
"Львівський інститут економіки і туризму",112,25,22.3
"Львівський інститут Приватного акціонерного товариства ""Вищий навчальний заклад ""Міжрегіональна Академія управління персоналом""",35,20,57.1
"Львівський навчально-науковий інститут Державного вищого навчального закладу ""Університет банківської справи""",68,22,32.4
"Львівський національний аграрний університет",975,620,63.6
"Львівський національний університет ветеринарної медицини та біотехнологій  імені С.З. Гжицького",494,257,52
"Львівський національний університет імені Івана Франка",4176,285,6.8
"Львівський регіональний інститут державного управління Національної академії державного управління при Президентові України",2,0,0
"Львівський техніко-економічний коледж Національного університету «Львівська політехніка»",60,60,100
"Львівський торговельно-економічний університет",797,405,50.8
"Маріупольський державний університет",658,36,5.5
"Маріупольський інститут Приватного акціонерного товариства ""Вищий навчальний заклад ""Міжрегіональна Академія управління персоналом""",19,11,57.9
"Мелітопольський державний педагогічний університет імені Богдана Хмельницького",704,299,42.5
"Мелітопольський інститут екології та соціальних технологій вищого навчального закладу ""Відкритий міжнародний університет розвитку людини ""Україна""",12,7,58.3
"Миколаївський міжрегіональний інститут розвитку людини Вищого навчального закладу ""Відкритий міжнародний університет розвитку людини ""Україна""",76,64,84.2
"Миколаївський національний аграрний університет",846,341,40.3
"Миколаївський національний університет імені В.О. Сухомлинського",879,310,35.3
"Міжнародний гуманітарний університет",539,192,35.6
"Мукачівський державний університет",495,226,45.7
"Навчально-науковий професійно-педагогічний інститут Української інженерно- педагогічної академії ( м.Бахмут)",163,122,74.8
"Надслучанський інститут Національного університету водного господарства та природокористування",49,45,91.8
"Національнa академія Служби безпеки України",108,0,0
"Національна академія внутрішніх справ",623,262,42.1
"Національна академія керівних кадрів культури і мистецтв",374,194,51.9
"Національна академія Національної гвардії України",16,0,0
"Національна академія образотворчого мистецтва і архітектури",176,0,0
"Національна академія статистики, обліку та аудиту",179,142,79.3
"Національна металургійна академія України",956,650,68
"Національна музична академія України імені П.І. Чайковського",156,0,0
"Національний авіаційний університет",2898,460,15.9
"Національний аерокосмічний університет ім. М. Є. Жуковського ""Харківський авіаційний інститут""",1017,310,30.5
"Національний медичний університет імені О.О. Богомольця",18,0,0
"Національний педагогічний університет імені М.П. Драгоманова",2139,458,21.4
"Національний технічний університет ""Харківський політехнічний інститут""",2440,601,24.6
"Національний технічний університет України «Київський політехнічний інститут імені Ігоря Сікорського»",4962,365,7.4
"Національний транспортний університет",1827,711,38.9
"Національний університет ""Києво-Могилянська академія""",1006,0,0
"Національний університет ""Львівська політехніка""",4994,1081,21.6
"Національний університет ""Одеська морська академія""",621,39,6.3
"Національний університет ""Одеська юридична академія""",1274,420,33
"Національний університет ""Острозька академія""",602,28,4.7
"Національний університет біоресурсів і природокористування України",2647,1288,48.7
"Національний університет водного господарства та природокористування",1417,598,42.2
"Національний університет кораблебудування імені адмірала Макарова",581,286,49.2
"Національний університет фізичного виховання і спорту України",938,154,16.4
"Національний університет харчових технологій",1689,598,35.4
"Національний університет цивільного захисту України",201,47,23.4
"Національний фармацевтичний університет",109,33,30.3
"Національний юридичний університет імені Ярослава Мудрого",1199,99,8.3
"Ніжинський державний університет імені Миколи Гоголя",425,84,19.8
"Нікопольська філія Приватного вищого навчального закладу ""Європейський університет""",3,2,66.7
"Нікопольський факультет Національної металургійної академії України",129,102,79.1
"Нововолинський навчально - науковий інститут економіки та менеджменту Тернопільського національного економічного університету",44,30,68.2
"Новокаховський гуманітарний інститут  вищого навчального закладу «Відкритий міжнародний університет розвитку людини «Україна»",37,22,59.5
"Одеська державна академія будівництва та архітектури",554,230,41.5
"Одеська національна академія зв'язку ім. О.С. Попова",508,309,60.8
"Одеська національна академія харчових технологій",1291,599,46.4
"Одеська національна музична академія імені А.В. Нежданової",67,16,23.9
"Одеський автомобільно - дорожній коледж Одеського національного політехнічного університету",20,20,100
"Одеський державний аграрний університет",330,142,43
"Одеський державний екологічний університет",144,56,38.9
"Одеський державний університет внутрішніх справ",552,134,24.3
"Одеський інститут Приватного акціонерного товариства ""Вищий навчальний заклад ""Міжрегіональна Академія управління персоналом""",25,17,68
"Одеський національний економічний університет",572,95,16.6
"Одеський національний медичний університет",30,0,0
"Одеський національний морський університет",897,141,15.7
"Одеський національний політехнічний університет",1452,290,20
"Одеський національний університет імені І. І. Мечникова",1211,149,12.3
"Одеський регіональний інститут державного управління Національної академії державного управління при Президентові України",48,7,14.6
"Одеський торговельно-економічний інститут Київського національного торговельно-економічного університету",73,65,89
"Первомайська філія Приватного вищого навчального закладу «Університет сучасних знань»",32,22,68.8
"Первомайський політехнічний інститут Національного університету кораблебудування імені адмірала Макарова",109,83,76.1
"Подільський державний аграрно-технічний університет",731,489,66.9
"Полтавська державна аграрна академія",1065,486,45.6
"Полтавська філія Національного університету харчових технологій",49,49,100
"Полтавський інститут економіки і права вищого навчального закладу Відкритий міжнародний університет розвитку людини «Україна»",69,56,81.2
"Полтавський національний педагогічний університет імені В.Г. Короленка",1021,285,27.9
"Полтавський національний технічний університет імені Юрія Кондратюка",946,390,41.2
"Полтавський юридичний інститут Національного юридичного університету імені Ярослава Мудрого",202,61,30.2
"Приватна установа ""Вищий навчальний заклад ""Міжнародний гуманітарно-педагогічний інститут ""Бейт-Хана""",23,6,26.1
"Приватне акціонерне товариство ""Вищий навчальний заклад ""Міжрегіональна Академія управління персоналом""",1018,620,60.9
"Приватне акціонерне товариство ""Вищий навчальний заклад ""Національна академія управління""",33,12,36.4
"Приватне акціонерне товариство ""Приватний вищий навчальний заклад ""Запорізький інститут економіки та інформаційних технологій""",79,46,58.2
"Приватне акціонерне товариство «Українсько-Польський вищий навчальний заклад ""Центрально-Європейський університет»",69,30,43.5
"Приватний вищий навчальний заклад ""Академія рекреаційних технологій і права""",157,94,59.9
"Приватний вищий навчальний заклад ""Бориспільський інститут муніципального менеджменту при Міжрегіональній Академії управління персоналом""",17,13,76.5
"Приватний вищий навчальний заклад ""Вінницький інститут конструювання одягу і підприємництва""",27,11,40.7
"Приватний вищий навчальний заклад ""Вінницький фінансово-економічний університет""",20,8,40
"Приватний вищий навчальний заклад ""Галицька Академія""",18,18,100
"Приватний вищий навчальний заклад ""Донецький університет економіки та права""",29,25,86.2
"Приватний вищий навчальний заклад ""Європейський університет""",241,185,76.8
"Приватний вищий навчальний заклад ""Інститут ділового адміністрування""",1,1,100
"Приватний вищий навчальний заклад ""Інститут екології економіки і права""",5,0,0
"Приватний вищий навчальний заклад ""Київський інститут бізнесу та технологій"" Товариство з обмеженою відповідальністю",91,53,58.2
"Приватний вищий навчальний заклад ""Київський університет культури""",1058,315,29.8
"Приватний вищий навчальний заклад ""Комп`ютерна Академія ""Шаг""",37,0,0
"Приватний вищий навчальний заклад ""Кропивницький інститут державного та муніципального управління""",41,26,63.4
"Приватний вищий навчальний заклад ""Львівський університет бізнесу та права""",50,35,70
"Приватний вищий навчальний заклад ""Макіївський економіко-гуманітарний інститут""",7,6,85.7
"Приватний вищий навчальний заклад ""Медико-природничий університет""",7,4,57.1
"Приватний вищий навчальний заклад ""Мистецький інститут художнього моделювання та дизайну імені Сальвадора Далі""",59,33,55.9
"Приватний вищий навчальний заклад ""Міжнародний економіко-гуманітарний університет імені академіка Степана Дем'янчука""",454,205,45.2
"Приватний вищий навчальний заклад ""Міжнародний класичний університет імені Пилипа Орлика""",13,0,0
"Приватний вищий навчальний заклад ""Міжнародний науково-технічний університет імені академіка Юрія Бугая""",269,150,55.8
"Приватний вищий навчальний заклад ""Міжнародний університет фінансів""",21,8,38.1
"Приватний вищий навчальний заклад ""Нікопольський економічний університет""",19,11,57.9
"Приватний вищий навчальний заклад ""Новокаховський політехнічний інститут""",12,11,91.7
"Приватний вищий навчальний заклад ""Тернопільський інститут соціальних та інформаційних технологій""",29,4,13.8
"Приватний вищий навчальний заклад ""Український гуманітарний інститут""",39,1,2.6
"Приватний вищий навчальний заклад ""Українсько-американський гуманітарний інститут ""Вісконсинський Міжнародний Університет (США) в Україні""",39,0,0
"Приватний вищий навчальний заклад ""Університет економіки і підприємництва""",7,3,42.9
"Приватний вищий навчальний заклад ""Університет сучасних знань""",99,62,62.6
"Приватний вищий навчальний заклад «Буковинський університет»",13,0,0
"Приватний вищий навчальний заклад «Хмельницький економічний університет»",24,21,87.5
"Приватний вищий навчальний заклад Івано-Франківський університет права імені Короля Данила Галицького",383,252,65.8
"Приватний вищий навчальний заклад Міжнародний університет бізнесу і права",26,19,73.1
"Приватний вищий навчальний заклад Університет новітніх технологій",12,11,91.7
"Приватний вищий навчальний заклад Харківський гуманітарний університет ""Народна українська академія""",61,5,8.2
"Приватний заклад",76,53,69.7
"Приватний заклад “Харківський гуманітарно-екологічний інститут”",2,2,100
"Придунайська філія  Приватного акціонерного товариства ""Вищий навчальний заклад ""Міжрегіональна Академія управління персоналом""",16,4,25
"Прикарпатський інститут імені Михайла Грушевського Приватного акціонерного товариства ""Вищий навчальний заклад ""Міжрегіональна Академія управління персоналом""",11,5,45.5
"Рівненська філія Приватного вищого навчального закладу ""Європейський університет""",10,9,90
"Рівненський державний гуманітарний університет",1185,479,40.4
"Рівненський інститут Київського університету права Національної академії наук України",33,17,51.5
"Самбірська філія Тернопільського національного економічного університету",55,55,100
"Свалявська філія Національного університету харчових технологій",28,28,100
"Сєвєродонецький інститут Приватного акціонерного товариства ""Вищий навчальний заклад ""Міжрегіональна Академія управління персоналом""",2,0,0
"Смілянська філія Національного університету харчових технологій",71,71,100
"Сумська філія Глухівського національного педагогічного університету імені Олександра Довженка",50,45,90
"Сумська філія Національного університету харчових технологій",39,39,100
"Сумський державний педагогічний університет імені А.С. Макаренка",740,270,36.5
"Сумський державний університет",1198,257,21.5
"Сумський національний аграрний університет",1160,665,57.3
"Східноєвропейський національний університет імені Лесі Українки",1744,396,22.7
"Східноукраїнський національний університет імені Володимира Даля",1067,532,49.9
"Таврійський державний агротехнологічний університет",989,615,62.2
"Таврійський національний університет імені В.І.Вернадського",526,82,15.6
"Тернопільський національний економічний університет",1934,945,48.9
"Тернопільський національний педагогічний університет імені Володимира Гнатюка",948,358,37.8
"Тернопільський національний технічний університет імені Івана Пулюя",1098,631,57.5
"Технічний коледж Тернопільського національного технічного університету імені Івана Пулюя",77,77,100
"Товариство з обмеженою відповідальністю ""Академія адвокатури України""",81,32,39.5
"Товариство з обмеженою відповідальністю ""Бердянський університет менеджменту і бізнесу""",195,158,81
"Товариство з обмеженою відповідальністю ""Вищий навчальний заклад Східно-європейський слов'янський університет""",13,3,23.1
"Товариство з обмеженою відповідальністю ""Ізмаїльський інститут водного транспорту""",23,16,69.6
"Товариство з обмеженою відповідальністю ""Київський інститут банківської справи""",2,2,100
"Ужгородський торговельно-економічний інститут Київського національного торговельно-економічного університету",196,174,88.8
"Українська академія друкарства",482,253,52.5
"Українська інженерно-педагогічна академія",535,295,55.1
"Український державний університет залізничного транспорту",1293,903,69.8
"Уманська філія Приватного вищого навчального закладу ""Європейський університет""",20,17,85
"Уманська філія Приватного вищого навчального закладу «Київський інститут бізнесу та технологій» товариство з обмеженою відповідальністю",7,6,85.7
"Уманський державний педагогічний університет імені Павла Тичини",2022,1124,55.6
"Уманський національний університет садівництва",816,432,52.9
"Університет державної фіскальної служби України",896,395,44.1
"Університет митної справи та фінансів",600,64,10.7
"Факультет ринкових, інформаційних та інноваційних технологій Київського національного університету технологій та дизайну",85,78,91.8
"Філія ""Кременчуцький інститут вищого навчального закладу ""Університет імені Альфреда Нобеля""",12,4,33.3
"Філія економічного факультету Львівського національного університету імені Івана Франка в місті Самборі",14,14,100
"Філія Національного університету харчових технологій у м. Львові",17,17,100
"Харківська державна академія дизайну і мистецтв",281,62,22.1
"Харківська державна академія культури",392,7,1.8
"Харківська державна академія фізичної культури",384,126,32.8
"Харківська державна зооветеринарна академія",149,97,65.1
"Харківський державний університет харчування та торгівлі",755,572,75.8
"Харківський інститут фінансів Київського національного торговельно-економічного університету",49,0,0
"Харківський навчально-науковий інститут Державного вищого навчального закладу ""Університет банківської справи""",100,36,36
"Харківський національний автомобільно-дорожній університет",523,261,49.9
"Харківський національний аграрний університет ім. В.В. Докучаєва",422,119,28.2
"Харківський національний економічний університет імені Семена Кузнеця",1151,212,18.4
"Харківський національний медичний університет",68,31,45.6
"Харківський національний педагогічний університет імені Г.С. Сковороди",917,150,16.4
"Харківський національний технічний університет сільського господарства імені Петра Василенка",946,499,52.7
"Харківський національний університет будівництва та архітектури",529,220,41.6
"Харківський національний університет внутрішніх справ",519,71,13.7
"Харківський національний університет імені В.Н. Каразіна",2130,65,3.1
"Харківський національний університет мистецтв імені І.П. Котляревського",146,0,0
"Харківський національний університет міського господарства імені О.М. Бекетова",1693,807,47.7
"Харківський національний університет Повітряних Сил імені Івана Кожедуба",39,37,94.9
"Харківський національний університет радіоелектроніки",1634,397,24.3
"Харківський регіональний інститут державного управління Національної академії державного управління при Президентові України",117,28,23.9
"Харківський торговельно-економічний інститут Київського національного торговельно-економічного університету",272,89,32.7
"Харківський торговельно-економічний коледж Київського національного торговельно-економічного університету",83,83,100
"Херсонська державна морська академія",929,532,57.3
"Херсонська філія Національного університету кораблебудування імені адмірала Макарова",218,162,74.3
"Херсонський державний університет",1205,227,18.8
"Херсонський інститут Приватного акціонерного товариства ""Вищий навчальний заклад ""Міжрегіональна Академія управління персоналом""",10,4,40
"Херсонський національний технічний університет",530,205,38.7
"Херсонський політехнічний коледж Одеського національного політехнічного університету",5,5,100
"Хмельницька гуманітарно-педагогічна академія",336,177,52.7
"Хмельницький інститут імені Блаженнішого Володимира, Митрополита Київського і всієї України Приватного акціонерного товариства ""Вищий навчальний заклад ""Міжрегіональна Академія управління персоналом""",29,23,79.3
"Хмельницький інститут соціальних технологій вищого навчального закладу ""Відкритий міжнародний університет розвитку людини ""Україна""",47,25,53.2
"Хмельницький кооперативний торговельно-економічний інститут",247,205,83
"Хмельницький національний університет",1592,401,25.2
"Хмельницький університет управління та права",217,47,21.7
"Центральноукраїнський державний педагогічний університет імені Володимира Винниченка (Кіровоградський державний педагогічний університет імені Володимира Винниченка)",857,158,18.4
"Центральноукраїнський національний технічний університет",717,422,58.9
"Черкаська медична академія",175,152,86.9
"Черкаська філія Приватного вищого навчального закладу ""Європейський університет""",65,61,93.8
"Черкаський державний технологічний університет",764,368,48.2
"Черкаський інститут пожежної безпеки імені Героїв Чорнобиля Національного університету цивільного захисту України",184,7,3.8
"Черкаський навчально-науковий інститут Державного вищого навчального закладу «Університет банківської справи»",58,15,25.9
"Черкаський національний університет імені Богдана Хмельницького",1179,200,17
"Чернівецький національний університет імені Юрія Федьковича",3326,975,29.3
"Чернівецький торговельно - економічний інститут Київського національного торговельно - економічного університету",535,329,61.5
"Чернівецький факультет Національного технічного університету «Харківський політехнічний інститут»",69,31,44.9
"Чернігівський інститут імені Героїв Крут Приватного акціонерного товариства ""Вищий навчальний заклад ""Міжрегіональна Академія управління персоналом""",9,6,66.7
"Чернігівський інститут інформації, бізнесу і права Приватного вищого навчального закладу «Міжнародний науково-технічний університет імені академіка Юрія Бугая»",10,1,10
"Чернігівський національний педагогічний університет імені Т.Г. Шевченка",654,140,21.4
"Чернігівський національний технологічний університет",1320,521,39.5
"Чорноморський національний університет імені Петра Могили",867,85,9.8
"Чортківський навчально-науковий інститут підприємництва і бізнесу Тернопільського національного економічного університету",71,55,77.5
"Шосткинський інститут Сумського державного університету",40,25,62.5
"Яготинський інститут Приватного акціонерного товариства ""Вищий навчальний заклад ""Міжрегіональна Академія управління персоналом""",25,16,64
